"_id","storeId","name","description","price","img","category","status","optionsEntity","_class"
"ObjectId(""654db98a2c4776374b100ede"")",8,"카페라떼","부드러운 커피 경험",3800,"https://cdn.imweb.me/upload/S201904245cbfeaeb57b7d/9ad2eef064fa7.jpg","COFFEE","ON_SALE","[{""optionName"":""샷추가"",""detailsOptions"":[{""detailOptionName"":""+1"",""additionalPrice"":500},{""detailOptionName"":""+2"",""additionalPrice"":1000}]},{""optionName"":""추가"",""detailsOptions"":[{""detailOptionName"":""휘핑"",""additionalPrice"":1000}]}]",
"ObjectId(""654dba0e2c4776374b100ee0"")",9,"아메리카노","간결하면서 강렬한 커피 경험",1800,"https://cdn.paris.spl.li/wp-content/uploads/2023/10/%E1%84%8B%E1%85%A1%E1%84%86%E1%85%A6%E1%84%85%E1%85%B5%E1%84%8F%E1%85%A1%E1%84%82%E1%85%A9-1280x1280-1.jpg","COFFEE","ON_SALE","[{""optionName"":""샷추가"",""detailsOptions"":[{""detailOptionName"":""+1"",""additionalPrice"":500},{""detailOptionName"":""+2"",""additionalPrice"":1000}]},{""optionName"":""추가"",""detailsOptions"":[{""detailOptionName"":""휘핑"",""additionalPrice"":1000}]}]",
"ObjectId(""654dbb372c4776374b100ee1"")",8,"크로칸슈","동성로 사오 적극 추천",2900,"https://d3oh64wne7x39t.cloudfront.net/MenuImages/krocan.jpg","DESSERT","ON_SALE","[{""optionName"":""커스타드추가"",""detailsOptions"":[{""detailOptionName"":""+1"",""additionalPrice"":500},{""detailOptionName"":""+2"",""additionalPrice"":1000}]},{""optionName"":""추가"",""detailsOptions"":[{""detailOptionName"":""곱빼기"",""additionalPrice"":1000}]}]","backend.sudurukbackx6.ownerservice.domain.menu.entity.MenuEntity"
"ObjectId(""655362da881871734e15ff33"")",8,"카페모카","100% 카카오와 초콜릿을 블랜딩하여 생크림이 올라간 커피",5500,"https://d3oh64wne7x39t.cloudfront.net/MenuImages/cafe_mocca.jpg","COFFEE","ON_SALE","[{""optionName"":""메뉴 선택"",""detailsOptions"":[{""detailOptionName"":""HOT"",""additionalPrice"":0},{""detailOptionName"":""ICE"",""additionalPrice"":0}]},{""optionName"":""사이즈업"",""detailsOptions"":[{""detailOptionName"":""2배"",""additionalPrice"":2500}]}]","backend.sudurukbackx6.ownerservice.domain.menu.entity.MenuEntity"
"ObjectId(""655363e8881871734e15ff34"")",8,"아메리카노","전세계 2% 내의 스페셜티급 원두만을 로스팅하여 내리는 음료",4000,"https://d3oh64wne7x39t.cloudfront.net/MenuImages/americano.jpg","COFFEE","ON_SALE","[{""optionName"":""메뉴 선택"",""detailsOptions"":[{""detailOptionName"":""HOT"",""additionalPrice"":0},{""detailOptionName"":""ICE"",""additionalPrice"":0}]},{""optionName"":""원두 선택"",""detailsOptions"":[{""detailOptionName"":""비올라"",""additionalPrice"":0},{""detailOptionName"":""디카페인"",""additionalPrice"":0}]},{""optionName"":""사이즈업"",""detailsOptions"":[{""detailOptionName"":""2배"",""additionalPrice"":1000}]},{""optionName"":""샷 추가"",""detailsOptions"":[{""detailOptionName"":""+1"",""additionalPrice"":0}]}]","backend.sudurukbackx6.ownerservice.domain.menu.entity.MenuEntity"
"ObjectId(""6553644a881871734e15ff35"")",8,"카푸치노","우유 거품이 두껍게 올려져 있는 것이 특징인 커피",4500,"https://d3oh64wne7x39t.cloudfront.net/MenuImages/capuchino.jpg","COFFEE","ON_SALE","[{""optionName"":""메뉴 선택"",""detailsOptions"":[{""detailOptionName"":""HOT"",""additionalPrice"":0},{""detailOptionName"":""ICE"",""additionalPrice"":0}]},{""optionName"":""원두 선택"",""detailsOptions"":[{""detailOptionName"":""비올라"",""additionalPrice"":0},{""detailOptionName"":""디카페인"",""additionalPrice"":0}]},{""optionName"":""샷 추가"",""detailsOptions"":[{""detailOptionName"":""+1"",""additionalPrice"":0}]},{""optionName"":""사이즈업"",""detailsOptions"":[{""detailOptionName"":""2배"",""additionalPrice"":2500}]}]","backend.sudurukbackx6.ownerservice.domain.menu.entity.MenuEntity"
"ObjectId(""655364a1881871734e15ff36"")",8,"그린티라떼","최상급 말차와 녹차로 만드는 그린티라떼로 깊은 맛이 일품입니다",4500,"https://d3oh64wne7x39t.cloudfront.net/MenuImages/greantea_latte.jpg","DRINK","ON_SALE","[{""optionName"":""메뉴 선택"",""detailsOptions"":[{""detailOptionName"":""HOT"",""additionalPrice"":0},{""detailOptionName"":""ICE"",""additionalPrice"":0}]},{""optionName"":""사이즈업"",""detailsOptions"":[{""detailOptionName"":""2배"",""additionalPrice"":2500}]},{""optionName"":""샷 추가"",""detailsOptions"":[{""detailOptionName"":""+1"",""additionalPrice"":0}]}]","backend.sudurukbackx6.ownerservice.domain.menu.entity.MenuEntity"
"ObjectId(""655364e9881871734e15ff37"")",8,"다크초코라떼","최상급 100% 카카오와 초콜릿을 사용하여 맛이 깊고 진한 최고의 초코라떼",5500,"https://d3oh64wne7x39t.cloudfront.net/MenuImages/darkchocolate_latte.jpg","DRINK","ON_SALE","[{""optionName"":""메뉴 선택"",""detailsOptions"":[{""detailOptionName"":""HOT"",""additionalPrice"":0},{""detailOptionName"":""ICE"",""additionalPrice"":0}]},{""optionName"":""사이즈업"",""detailsOptions"":[{""detailOptionName"":""2배"",""additionalPrice"":2500}]}]","backend.sudurukbackx6.ownerservice.domain.menu.entity.MenuEntity"
"ObjectId(""65536550881871734e15ff38"")",8,"청귤티","비타민C가 풍부하여 감기에 좋은 새콤달콤한 맛이 특징",5500,"https://d3oh64wne7x39t.cloudfront.net/MenuImages/greentangerine_tea.jpg","TEA","ON_SALE","[{""optionName"":""메뉴 선택"",""detailsOptions"":[{""detailOptionName"":""HOT"",""additionalPrice"":0},{""detailOptionName"":""ICE"",""additionalPrice"":0}]}]","backend.sudurukbackx6.ownerservice.domain.menu.entity.MenuEntity"
"ObjectId(""655365c6881871734e15ff39"")",8,"얼그레이 티","새큼하고 쌉싸름한 풍미가 있다",4500,"https://d3oh64wne7x39t.cloudfront.net/MenuImages/earlgray_tea.jpg","TEA","ON_SALE","[{""optionName"":""메뉴 선택"",""detailsOptions"":[{""detailOptionName"":""HOT"",""additionalPrice"":0},{""detailOptionName"":""ICE"",""additionalPrice"":0}]}]","backend.sudurukbackx6.ownerservice.domain.menu.entity.MenuEntity"
"ObjectId(""65536677881871734e15ff3a"")",8,"수제 머핀","달콤하고 부드러운 수제 머핀입니다.",3500,"https://d3oh64wne7x39t.cloudfront.net/MenuImages/muffin.jpg","DESSERT","ON_SALE","[{""optionName"":""맛 선택"",""detailsOptions"":[{""detailOptionName"":""치즈머핀"",""additionalPrice"":0},{""detailOptionName"":""초코머핀"",""additionalPrice"":0}]}]","backend.sudurukbackx6.ownerservice.domain.menu.entity.MenuEntity"